donor_id,in_study,model_score,diff_efficiency
HPSI0114i-bezi_1,not_assessed,0.959917254,NA
HPSI0114i-bezi_3,succeeded,0.994178186,0.582697201
HPSI0114i-eipl_1,failed,0.005722711,0.01287835
HPSI0114i-eipl_3,not_assessed,0.007677837,NA
HPSI0114i-fikt_3,succeeded,0.965656771,0.402826855
HPSI0114i-iisa_1,not_assessed,0.974303824,NA
HPSI0114i-iisa_3,not_assessed,0.991854917,NA
HPSI0114i-joxm_1,not_assessed,0.767690914,NA
HPSI0114i-kolf_2,succeeded,0.918353472,0.470591332
HPSI0114i-kolf_3,not_assessed,0.90740004,NA
HPSI0114i-lexy_1,not_assessed,0.986455595,NA
HPSI0114i-lexy_2,succeeded,0.954325525,0.726905347
HPSI0114i-oevr_3,not_assessed,0.316386684,NA
HPSI0114i-rozh_4,succeeded,0.998645442,0.56146789
HPSI0114i-rozh_5,not_assessed,0.982371654,NA
HPSI0114i-vass_1,succeeded,0.997562532,0.852173913
HPSI0114i-veui_3,not_assessed,0.509114901,NA
HPSI0114i-zapk_2,succeeded,0.984046301,0.356764231
HPSI0114i-zapk_3,not_assessed,0.998600621,NA
HPSI0114i-zoxy_3,not_assessed,0.413567424,NA
HPSI0115i-aion_2,succeeded,0.97856352,0.711820535
HPSI0115i-aion_3,not_assessed,1.60E-05,NA
HPSI0115i-aoxv_1,succeeded,0.996085747,0.221252183
HPSI0115i-aoxv_3,not_assessed,0.99869399,NA
HPSI0115i-bimq_4,failed,0.076644959,0.087628866
HPSI0115i-bimq_5,not_assessed,0.958816293,NA
HPSI0115i-boqx_2,succeeded,0.999586035,0.406844106
HPSI0115i-gifk_1,succeeded,0.958296248,0.582901554
HPSI0115i-gost_2,succeeded,0.995861997,0.783263598
HPSI0115i-hecn_6,succeeded,0.968704002,0.342271192
HPSI0115i-iinu_3,not_assessed,0.742109785,NA
HPSI0115i-iinu_5,not_assessed,0.013575246,NA
HPSI0115i-iiyk_2,succeeded,0.980784162,0.606741573
HPSI0115i-iiyk_4,not_assessed,0.978177218,NA
HPSI0115i-iuad_2,succeeded,0.981402223,0.88845655
HPSI0115i-iuad_3,not_assessed,0.926306668,NA
HPSI0115i-jotn_2,succeeded,0.98870409,0.361664718
HPSI0115i-jotn_4,not_assessed,0.996081517,NA
HPSI0115i-kozf_1,failed,0.00670872,0.082170543
HPSI0115i-kozf_2,not_assessed,8.07E-05,NA
HPSI0115i-melw_1,succeeded,0.950141974,0.428571429
HPSI0115i-melw_2,not_assessed,0.874801597,NA
HPSI0115i-paim_1,succeeded,0.983903666,0.539401287
HPSI0115i-paim_3,not_assessed,0.992751506,NA
HPSI0115i-payf_1,not_assessed,0.936041514,NA
HPSI0115i-payf_2,not_assessed,0.99842925,NA
HPSI0115i-pitg_2,succeeded,0.978681586,0.625
HPSI0115i-qaqp_4,not_assessed,7.38E-06,NA
HPSI0115i-qaqp_5,not_assessed,0.910034276,NA
HPSI0115i-qecv_1,not_assessed,0.991990548,NA
HPSI0115i-qecv_2,succeeded,0.994517665,0.476686508
HPSI0115i-qoog_4,not_assessed,0.939056744,NA
HPSI0115i-qoog_6,not_assessed,0.993276751,NA
HPSI0115i-quze_4,not_assessed,0.99417381,NA
HPSI0115i-quze_6,succeeded,0.945029065,0.360759494
HPSI0115i-rakq_1,not_assessed,0.645226896,NA
HPSI0115i-rakq_3,not_assessed,0.805450069,NA
HPSI0115i-rakz_6,not_assessed,0.707230272,NA
HPSI0115i-rehy_2,not_assessed,0.986345088,NA
HPSI0115i-rehy_3,not_assessed,0.979586733,NA
HPSI0115i-sehp_2,succeeded,0.939051252,0.781919112
HPSI0115i-sehp_3,not_assessed,0.988271793,NA
HPSI0115i-tiku_1,not_assessed,0.979621949,NA
HPSI0115i-tiku_3,succeeded,0.987344146,0.507303552
HPSI0115i-timk_4,failed,0.069749258,0.042008978
HPSI0115i-uolo_5,not_assessed,0.011014132,NA
HPSI0115i-uupc_2,succeeded,0.991686407,0.666666667
HPSI0115i-vazt_1,not_assessed,0.943426462,NA
HPSI0115i-vazt_2,not_assessed,0.996586973,NA
HPSI0115i-womt_1,not_assessed,0.971026961,NA
HPSI0115i-xaka_1,not_assessed,0.91834717,NA
HPSI0115i-xaka_2,not_assessed,0.000440451,NA
HPSI0115i-zihe_1,failed,0.103698736,0.026455026
HPSI0213i-nawk_55,succeeded,0.976226304,0.697183099
HPSI0214i-datg_2,succeeded,0.99444769,0.442991632
HPSI0214i-eiwy_1,succeeded,0.963246145,0.601204819
HPSI0214i-feec_2,failed,0.000198094,0.042671863
HPSI0214i-feec_3,not_assessed,0.908795475,NA
HPSI0214i-giju_2,not_assessed,0.968020373,NA
HPSI0214i-giju_3,succeeded,0.981586305,0.80407701
HPSI0214i-heja_1,not_assessed,0.961082819,NA
HPSI0214i-heja_2,not_assessed,0.996814767,NA
HPSI0214i-heth_1,failed,0.057221888,0.033268276
HPSI0214i-kehc_2,not_assessed,0.867825759,NA
HPSI0214i-kucg_2,failed,0.11421428,0.08373436
HPSI0214i-pelm_1,not_assessed,0.836140773,NA
HPSI0214i-pelm_3,succeeded,0.960937812,0.593982528
HPSI0214i-poih_2,succeeded,0.969165919,0.660213244
HPSI0214i-poih_4,not_assessed,0.984887267,NA
HPSI0214i-rayr_1,succeeded,0.964441351,0.711790393
HPSI0214i-wibj_1,not_assessed,0.44010271,NA
HPSI0214i-wibj_2,not_assessed,0.749141925,NA
HPSI0215i-deyz_2,succeeded,0.980743396,0.616639051
HPSI0215i-deyz_3,not_assessed,0.771898217,NA
HPSI0215i-fawm_2,succeeded,0.997157779,0.808106396
HPSI0215i-fawm_4,not_assessed,0.862415776,NA
HPSI0215i-hipn_1,succeeded,0.985713415,0.36828918
HPSI0215i-hipn_2,not_assessed,0.910242778,NA
HPSI0215i-oilg_1,failed,3.78E-06,0.066198596
HPSI0215i-oilg_3,not_assessed,0.000122675,NA
HPSI0215i-romx_1,failed,0.088454456,0.082214765
HPSI0215i-romx_2,not_assessed,0.336952974,NA
HPSI0215i-uiao_1,not_assessed,0.993274621,NA
HPSI0215i-uiao_2,succeeded,0.988368546,0.314568673
HPSI0215i-yoch_6,failed,0.001194956,0.02979066
HPSI0215i-zett_5,succeeded,0.986440914,0.851707438
HPSI0216i-aiid_1,not_assessed,0.784826378,NA
HPSI0216i-aiid_6,not_assessed,0.000243873,NA
HPSI0216i-boho_3,not_assessed,0.968846726,NA
HPSI0216i-dacv_6,not_assessed,0.076533382,NA
HPSI0216i-dewh_4,not_assessed,0.222706438,NA
HPSI0216i-dewh_6,not_assessed,0.987884518,NA
HPSI0216i-feht_1,not_assessed,0.981986284,NA
HPSI0216i-heub_6,not_assessed,0.930273625,NA
HPSI0216i-iogu_5,not_assessed,0.958793943,NA
HPSI0216i-puxp_1,not_assessed,0.906133183,NA
HPSI0216i-rihx_4,not_assessed,0.403504188,NA
HPSI0216i-tony_5,not_assessed,0.68369983,NA
HPSI0216i-vieg_3,not_assessed,0.144350531,NA
HPSI0216i-vieg_5,not_assessed,1.42E-05,NA
HPSI0216i-xanu_5,not_assessed,0.897794173,NA
HPSI0216i-xanu_6,not_assessed,0.053002459,NA
HPSI0313i-airc_66,not_assessed,0.965327418,NA
HPSI0313i-cesj_1,not_assessed,0.032422447,NA
HPSI0314i-bipt_1,not_assessed,0.973581377,NA
HPSI0314i-bubh_1,not_assessed,0.944623965,NA
HPSI0314i-bubh_3,failed,0.000985965,0.061016949
HPSI0314i-cuhk_1,not_assessed,0.614468432,NA
HPSI0314i-cuhk_2,failed,0.077700674,0.157566638
HPSI0314i-fafq_1,not_assessed,0.194321975,NA
HPSI0314i-kujn_2,not_assessed,0.993681415,NA
HPSI0314i-kujn_5,not_assessed,0.941997234,NA
HPSI0314i-qaqx_1,succeeded,0.980075898,0.611244019
HPSI0314i-qonc_1,not_assessed,0.989206417,NA
HPSI0314i-qonc_2,not_assessed,0.96830485,NA
HPSI0314i-sojd_2,not_assessed,0.23692729,NA
HPSI0314i-sojd_3,failed,3.08E-05,0.07382076
HPSI0314i-uict_1,succeeded,0.994468864,0.50955414
HPSI0314i-uict_3,not_assessed,0.95956053,NA
HPSI0314i-wigw_2,succeeded,0.97738769,0.574324324
HPSI0314i-xagu_1,succeeded,0.968983009,0.351851852
HPSI0314i-xugn_1,not_assessed,0.685844698,NA
HPSI0314i-xugn_2,failed,0.049858457,0.044055202
HPSI0316i-aask_4,not_assessed,0.008593721,NA
HPSI0316i-beqm_12,not_assessed,0.957119173,NA
HPSI0316i-beqm_9,not_assessed,0.954582277,NA
HPSI0316i-circ_2,not_assessed,0.870538495,NA
HPSI0316i-circ_4,not_assessed,0.941156586,NA
HPSI0316i-eoko_3,not_assessed,0.00028757,NA
HPSI0316i-eoko_5,not_assessed,9.40E-06,NA
HPSI0316i-ierp_4,not_assessed,0.947741227,NA
HPSI0316i-miov_1,not_assessed,0.933711423,NA
HPSI0316i-muwv_3,not_assessed,0.882857451,NA
HPSI0316i-muwv_6,not_assessed,1.33E-06,NA
HPSI0316i-pecz_2,not_assessed,0.996498338,NA
HPSI0316i-ponl_2,not_assessed,0.541488031,NA
HPSI0316i-ponl_4,not_assessed,0.956665871,NA
HPSI0316i-qeti_1,not_assessed,0.05177223,NA
HPSI0316i-qeti_2,not_assessed,0.310250241,NA
HPSI0316i-tezs_6,not_assessed,0.773473475,NA
HPSI0316i-vats_2,not_assessed,0.440645637,NA
HPSI0316i-vats_4,not_assessed,0.000132833,NA
HPSI0316i-xaqm_4,not_assessed,0.975669998,NA
HPSI0316i-xaqm_6,not_assessed,0.985661993,NA
HPSI0316i-zuik_6,not_assessed,0.998971907,NA
HPSI0413i-corn_1,succeeded,0.994399338,0.836363636
HPSI0413i-coxy_3,not_assessed,0.921884867,NA
HPSI0413i-coxy_33,succeeded,0.992884553,0.645687646
HPSI0413i-gomv_3,not_assessed,0.094668118,NA
HPSI0413i-iakz_1,not_assessed,0.964279453,NA
HPSI0413i-iakz_2,not_assessed,0.873148415,NA
HPSI0413i-nudd_1,succeeded,0.996735173,0.573926868
HPSI0413i-nudd_6,not_assessed,0.997120993,NA
HPSI0413i-ougl_1,not_assessed,0.512233056,NA
HPSI0413i-ougl_3,not_assessed,0.220683952,NA
HPSI0413i-peop_2,not_assessed,0.136678842,NA
HPSI0413i-peop_4,succeeded,0.997863993,0.607377049
HPSI0413i-sukz_1,not_assessed,0.91187077,NA
HPSI0413i-uahf_3,not_assessed,0.903011174,NA
HPSI0413i-xekf_1,not_assessed,0.99634875,NA
HPSI0413i-yotv_2,succeeded,0.954052646,0.70212766
HPSI0413i-yotv_3,not_assessed,0.818298603,NA
HPSI0413i-yuze_1,not_assessed,0.99989359,NA
HPSI0414i-biiw_1,not_assessed,0.029441433,NA
HPSI0414i-ceik_1,failed,0.021631043,0.112612613
HPSI0414i-ceik_2,not_assessed,0.00011571,NA
HPSI0414i-cekz_1,not_assessed,0.994577236,NA
HPSI0414i-eafb_1,not_assessed,0.889995696,NA
HPSI0414i-eevy_6,not_assessed,0.000846429,NA
HPSI0414i-eevy_7,not_assessed,0.943003741,NA
HPSI0414i-fixm_2,not_assessed,0.699984771,NA
HPSI0414i-fuai_1,not_assessed,0.872017884,NA
HPSI0414i-gesg_2,failed,0.053036221,0.060728745
HPSI0414i-hutq_1,not_assessed,0.989835497,NA
HPSI0414i-kefk_2,not_assessed,0.001296929,NA
HPSI0414i-kodf_2,not_assessed,0.978837878,NA
HPSI0414i-lavd_2,not_assessed,0.769285716,NA
HPSI0414i-mita_2,not_assessed,0.062498704,NA
HPSI0414i-naju_1,not_assessed,0.829503735,NA
HPSI0414i-niim_3,not_assessed,0.964577476,NA
HPSI0414i-niim_5,not_assessed,0.285009597,NA
HPSI0414i-nolz_4,not_assessed,0.740497694,NA
HPSI0414i-oaqd_2,failed,0.03602931,0.023460411
HPSI0414i-oaqd_3,not_assessed,0.951063112,NA
HPSI0414i-oikd_2,not_assessed,0.17408308,NA
HPSI0414i-oikd_5,not_assessed,0.181948533,NA
HPSI0414i-oulr_4,not_assessed,0.95224416,NA
HPSI0414i-puvg_1,not_assessed,0.968301768,NA
HPSI0414i-rauj_1,not_assessed,0.174022304,NA
HPSI0414i-reng_4,not_assessed,0.986954389,NA
HPSI0414i-sebn_3,succeeded,0.965431252,0.405240175
HPSI0414i-sebn_4,not_assessed,0.96591655,NA
HPSI0414i-seru_1,succeeded,0.975842911,0.845070423
HPSI0414i-seru_7,not_assessed,0.999062832,NA
HPSI0414i-tout_1,not_assessed,0.985962814,NA
HPSI0414i-uawq_2,succeeded,0.943881559,0.628064032
HPSI0414i-walu_1,not_assessed,0.996848959,NA
HPSI0414i-wize_1,not_assessed,0.998399201,NA
HPSI0414i-xojn_3,succeeded,0.955284887,0.707816637
HPSI0414i-xugr_2,not_assessed,0.999234648,NA
HPSI0414i-zabk_4,not_assessed,0.484493076,NA
HPSI0414i-zazi_4,not_assessed,0.564315898,NA
HPSI0414i-zazi_5,not_assessed,0.974495872,NA
HPSI0416i-aicq_1,not_assessed,0.00077491,NA
HPSI0416i-aicq_4,not_assessed,2.90E-06,NA
HPSI0416i-bife_2,not_assessed,0.927648874,NA
HPSI0416i-cihd_4,not_assessed,1.56E-05,NA
HPSI0416i-eapo_2,not_assessed,0.975982102,NA
HPSI0416i-fiwt_3,not_assessed,0.011135792,NA
HPSI0416i-iazw_4,not_assessed,0.657988816,NA
HPSI0416i-iooi_1,not_assessed,5.57E-05,NA
HPSI0416i-iooi_6,not_assessed,0.637633143,NA
HPSI0416i-ioys_5,not_assessed,0.99711489,NA
HPSI0416i-ioys_6,not_assessed,0.999239203,NA
HPSI0416i-jewl_5,not_assessed,0.809746706,NA
HPSI0416i-jewl_6,not_assessed,0.483842444,NA
HPSI0416i-mapx_1,not_assessed,0.075031293,NA
HPSI0416i-mapx_5,not_assessed,0.425851398,NA
HPSI0416i-mefc_1,not_assessed,0.746232748,NA
HPSI0416i-mefc_2,not_assessed,0.723864933,NA
HPSI0416i-ourj_1,not_assessed,2.11E-05,NA
HPSI0416i-ourj_2,not_assessed,0.752379113,NA
HPSI0416i-ruah_4,not_assessed,1.39E-05,NA
HPSI0416i-ruah_5,not_assessed,0.372027451,NA
HPSI0416i-sevr_1,not_assessed,0.718873737,NA
HPSI0416i-sevr_2,not_assessed,0.203874974,NA
HPSI0416i-xutl_2,not_assessed,0.141583397,NA
HPSI0416i-zige_2,not_assessed,0.004943102,NA
HPSI0416i-zige_5,not_assessed,0.114068583,NA
HPSI0513i-aipt_3,not_assessed,0.237273418,NA
HPSI0513i-aipt_33,succeeded,0.977684162,0.712915129
HPSI0513i-cehw_3,not_assessed,0.692825352,NA
HPSI0513i-coio_1,not_assessed,0.294201839,NA
HPSI0513i-coio_2,not_assessed,0.220043112,NA
HPSI0513i-cuau_1,not_assessed,0.968604239,NA
HPSI0513i-cuau_2,not_assessed,0.996077614,NA
HPSI0513i-debk_7,not_assessed,0.851310854,NA
HPSI0513i-debk_9,succeeded,0.989739252,0.294043093
HPSI0513i-dipe_1,succeeded,0.994524665,0.856844305
HPSI0513i-dovq_3,not_assessed,0.039560021,NA
HPSI0513i-dulv_1,succeeded,0.994902674,0.898203593
HPSI0513i-dulv_2,not_assessed,0.985894899,NA
HPSI0513i-euir_1,not_assessed,0.862056706,NA
HPSI0513i-euir_2,not_assessed,0.06939911,NA
HPSI0513i-fejf_2,succeeded,0.994209864,0.227463312
HPSI0513i-giuf_1,succeeded,0.952848591,0.75
HPSI0513i-giuf_3,not_assessed,0.909833432,NA
HPSI0513i-golb_1,not_assessed,0.000257243,NA
HPSI0513i-huls_1,not_assessed,0.129648969,NA
HPSI0513i-iasn_3,not_assessed,0.919450118,NA
HPSI0513i-kesz_1,not_assessed,0.086741569,NA
HPSI0513i-leeh_2,not_assessed,0.33930252,NA
HPSI0513i-leeh_3,not_assessed,0.125358279,NA
HPSI0513i-netf_2,not_assessed,0.993544234,NA
HPSI0513i-oarz_2,not_assessed,0.807295604,NA
HPSI0513i-oarz_22,succeeded,0.990795995,0.882254697
HPSI0513i-oeoo_2,not_assessed,0.936511059,NA
HPSI0513i-oibg_1,failed,0.027418783,0.061755624
HPSI0513i-oogu_2,not_assessed,0.342003576,NA
HPSI0513i-suzg_3,succeeded,0.998244718,0.861060329
HPSI0513i-uilw_1,not_assessed,0.934847532,NA
HPSI0513i-uoxz_4,succeeded,0.994975049,0.850547731
HPSI0513i-veqz_6,not_assessed,0.995841994,NA
HPSI0513i-veve_2,succeeded,0.947337847,0.676375405
HPSI0513i-xegx_1,not_assessed,0.936840908,NA
HPSI0513i-xegx_2,not_assessed,0.002608713,NA
HPSI0513i-zaui_3,not_assessed,0.285266083,NA
HPSI0514i-aecv_2,not_assessed,0.978064369,NA
HPSI0514i-aecv_3,not_assessed,0.961715828,NA
HPSI0514i-aomr_5,not_assessed,0.745408093,NA
HPSI0514i-aomr_6,not_assessed,0.908267084,NA
HPSI0514i-eoxi_6,not_assessed,0.910793495,NA
HPSI0514i-fiaj_1,failed,0.001182219,0.061096001
HPSI0514i-fiaj_3,not_assessed,0.799313224,NA
HPSI0514i-kidt_1,not_assessed,0.959822392,NA
HPSI0514i-kooz_5,not_assessed,0.938955461,NA
HPSI0514i-kuco_1,not_assessed,0.552213847,NA
HPSI0514i-kuco_5,not_assessed,0.796799221,NA
HPSI0514i-lako_1,succeeded,0.997761215,0.820918536
HPSI0514i-lako_2,not_assessed,0.936214588,NA
HPSI0514i-letw_1,succeeded,0.973217541,0.853594771
HPSI0514i-letw_5,not_assessed,0.983261627,NA
HPSI0514i-mure_4,not_assessed,0.944883621,NA
HPSI0514i-mure_9,not_assessed,0.983356799,NA
HPSI0514i-naah_2,succeeded,0.956847063,0.853608247
HPSI0514i-naah_4,not_assessed,0.953028085,NA
HPSI0514i-oekw_2,succeeded,0.951773237,0.279831933
HPSI0514i-oupf_5,not_assessed,0.845960041,NA
HPSI0514i-oupf_6,succeeded,0.94095223,0.600522193
HPSI0514i-puie_4,succeeded,0.990364701,0.725900682
HPSI0514i-puie_5,not_assessed,0.985296662,NA
HPSI0514i-pulk_1,not_assessed,0.974499364,NA
HPSI0514i-qajt_2,not_assessed,1.34E-05,NA
HPSI0514i-qajt_5,not_assessed,0.467654419,NA
HPSI0514i-qihv_1,failed,0.122720112,0.177419355
HPSI0514i-rutc_2,succeeded,0.99753909,0.901181525
HPSI0514i-sohd_2,succeeded,0.970467701,0.668965517
HPSI0514i-sohd_3,not_assessed,0.813746265,NA
HPSI0514i-suul_1,succeeded,0.934714902,0.696774194
HPSI0514i-suul_2,not_assessed,0.930885642,NA
HPSI0514i-tavh_2,not_assessed,0.958100318,NA
HPSI0514i-tert_1,succeeded,0.941214813,0.751743375
HPSI0514i-tert_3,not_assessed,0.98946597,NA
HPSI0514i-toco_5,not_assessed,0.793330499,NA
HPSI0514i-uenn_3,succeeded,0.980292964,0.320143397
HPSI0514i-vuna_3,not_assessed,0.844972982,NA
HPSI0514i-wiii_2,not_assessed,0.912742337,NA
HPSI0514i-wiii_3,failed,0.169918032,0.029347102
HPSI0514i-xayd_4,not_assessed,0.998352667,NA
HPSI0514i-xayd_5,not_assessed,0.981614213,NA
HPSI0514i-xufp_1,not_assessed,0.808339682,NA
HPSI0514i-xufp_2,not_assessed,0.321512478,NA
HPSI0514i-yafr_3,not_assessed,0.850286388,NA
HPSI0514i-yelp_3,not_assessed,0.874700509,NA
HPSI0514i-yewo_4,succeeded,0.984090512,0.854647536
HPSI0514pf-sohd_2,not_assessed,0.970467701,NA
HPSI0516i-aaun_5,not_assessed,0.961728164,NA
HPSI0516i-aaun_6,not_assessed,0.87555582,NA
HPSI0516i-dewa_2,not_assessed,0.904660493,NA
HPSI0516i-dewa_5,not_assessed,0.741631559,NA
HPSI0516i-eitu_3,not_assessed,0.968379274,NA
HPSI0516i-eosr_1,not_assessed,0.940040194,NA
HPSI0516i-goek_4,not_assessed,0.004535136,NA
HPSI0516i-hapz_2,not_assessed,0.979251536,NA
HPSI0516i-hapz_3,not_assessed,0.000353772,NA
HPSI0516i-iool_4,not_assessed,0.288283813,NA
HPSI0516i-iool_6,not_assessed,0.946734397,NA
HPSI0516i-iuoc_2,not_assessed,4.09E-05,NA
HPSI0516i-iuoc_5,not_assessed,0.863445985,NA
HPSI0516i-jepf_3,not_assessed,2.41E-05,NA
HPSI0516i-jepf_5,not_assessed,3.85E-05,NA
HPSI0516i-jory_10,not_assessed,8.51E-06,NA
HPSI0516i-jory_9,not_assessed,0.00664435,NA
HPSI0516i-kumr_11,not_assessed,0.82634483,NA
HPSI0516i-menz_3,not_assessed,0.616118642,NA
HPSI0516i-menz_4,not_assessed,0.417758968,NA
HPSI0516i-oadp_4,not_assessed,0.941134961,NA
HPSI0516i-oadp_5,not_assessed,0.002738201,NA
HPSI0516i-oazw_3,not_assessed,0.005596239,NA
HPSI0516i-oazw_4,not_assessed,0.965696208,NA
HPSI0516i-peoo_1,not_assessed,0.038503609,NA
HPSI0516i-peoo_2,not_assessed,0.193925656,NA
HPSI0516i-pews_2,not_assessed,2.39E-05,NA
HPSI0516i-pews_3,not_assessed,0.892856537,NA
HPSI0516i-quqp_4,not_assessed,0.982598694,NA
HPSI0516i-quqp_6,not_assessed,0.870489353,NA
HPSI0516i-raet_4,not_assessed,0.00015425,NA
HPSI0516i-raet_6,not_assessed,0.476879172,NA
HPSI0516i-suqd_3,not_assessed,5.51E-05,NA
HPSI0516i-suqd_6,not_assessed,1.50E-06,NA
HPSI0516i-suyj_1,not_assessed,0.742922385,NA
HPSI0516i-suyj_2,not_assessed,0.058891981,NA
HPSI0516i-vebd_2,not_assessed,0.002808554,NA
HPSI0516i-vebd_4,not_assessed,0.891632763,NA
HPSI0516i-yibc_4,not_assessed,0.963355129,NA
HPSI0516i-yist_1,not_assessed,0.316640074,NA
HPSI0516i-yist_3,not_assessed,0.690312526,NA
HPSI0516i-zujs_5,not_assessed,0.650059214,NA
HPSI0516i-zukb_2,not_assessed,0.892649184,NA
HPSI0516i-zukb_3,not_assessed,8.61E-05,NA
HPSI0613i-aevs_1,failed,8.91E-07,0.105109489
HPSI0613i-auim_2,not_assessed,0.04465622,NA
HPSI0613i-auim_3,not_assessed,0.026401349,NA
HPSI0613i-bawa_1,succeeded,0.987174215,0.870872142
HPSI0613i-bohf_1,succeeded,0.963033167,0.499262899
HPSI0613i-dium_1,not_assessed,0.257350041,NA
HPSI0613i-eojr_2,succeeded,0.951225273,0.811764706
HPSI0613i-eojr_3,not_assessed,0.988449635,NA
HPSI0613i-febc_1,not_assessed,0.898363521,NA
HPSI0613i-febc_2,not_assessed,0.551245754,NA
HPSI0613i-focm_1,not_assessed,0.561352108,NA
HPSI0613i-funp_2,not_assessed,0.973378908,NA
HPSI0613i-funp_3,not_assessed,0.787725659,NA
HPSI0613i-giuo_4,not_assessed,0.122079664,NA
HPSI0613i-giuo_5,not_assessed,0.880304785,NA
HPSI0613i-hegp_3,succeeded,0.966605949,0.683127572
HPSI0613i-hikj_1,not_assessed,0.267059442,NA
HPSI0613i-hikj_2,succeeded,0.965477444,0.921875
HPSI0613i-jorr_1,not_assessed,0.522373779,NA
HPSI0613i-liun_2,not_assessed,0.907099354,NA
HPSI0613i-liun_22,succeeded,0.965797022,0.333333333
HPSI0613i-lizq_1,not_assessed,0.22231539,NA
HPSI0613i-lizq_3,succeeded,0.998238473,0.605804203
HPSI0613i-nukw_1,not_assessed,0.881069125,NA
HPSI0613i-oefg_2,not_assessed,0.27831574,NA
HPSI0613i-oesx_3,not_assessed,1.52E-06,NA
HPSI0613i-oomz_2,not_assessed,0.000275111,NA
HPSI0613i-oomz_22,failed,0.101955086,0.093204775
HPSI0613i-qanu_1,not_assessed,0.993229569,NA
HPSI0613i-qanu_2,not_assessed,0.256459385,NA
HPSI0613i-qony_1,succeeded,0.999174295,0.655263158
HPSI0613i-qony_2,not_assessed,0.125047377,NA
HPSI0613i-riiv_1,not_assessed,0.580876975,NA
HPSI0613i-riiv_3,not_assessed,0.041636755,NA
HPSI0613i-ueah_1,not_assessed,0.761889494,NA
HPSI0613i-ueah_4,not_assessed,0.845578548,NA
HPSI0613i-vorx_1,not_assessed,0.028879383,NA
HPSI0613i-vorx_3,not_assessed,0.373574687,NA
HPSI0613i-xavk_3,succeeded,0.993696276,0.906976744
HPSI0613i-xosg_2,not_assessed,0.92862203,NA
HPSI0613i-xucm_3,not_assessed,0.945161086,NA
HPSI0613i-zisa_3,not_assessed,0.916905093,NA
HPSI0613i-zisa_33,not_assessed,0.995126122,NA
HPSI0614i-ciwj_1,not_assessed,0.278357082,NA
HPSI0614i-ciwj_2,not_assessed,0.45642842,NA
HPSI0614i-denw_6,not_assessed,0.093999086,NA
HPSI0614i-dixh_2,not_assessed,0.851682854,NA
HPSI0614i-eavo_1,not_assessed,0.979559015,NA
HPSI0614i-eisk_3,not_assessed,0.94077926,NA
HPSI0614i-eisk_6,not_assessed,0.989400344,NA
HPSI0614i-fovu_2,not_assessed,0.437075357,NA
HPSI0614i-fovu_5,not_assessed,0.99476037,NA
HPSI0614i-foyj_1,not_assessed,0.791764731,NA
HPSI0614i-gawh_12,not_assessed,0.963120119,NA
HPSI0614i-gawh_7,not_assessed,0.991452614,NA
HPSI0614i-guyj_2,not_assessed,0.81482981,NA
HPSI0614i-juzt_4,failed,6.23E-05,0.098971093
HPSI0614i-kecw_3,not_assessed,0.989339511,NA
HPSI0614i-kecw_4,not_assessed,0.984073402,NA
HPSI0614i-kegd_2,not_assessed,0.997087724,NA
HPSI0614i-koqx_1,not_assessed,0.926631401,NA
HPSI0614i-laig_1,not_assessed,0.88731696,NA
HPSI0614i-laig_2,not_assessed,0.895869874,NA
HPSI0614i-lepk_1,not_assessed,0.896190601,NA
HPSI0614i-lepk_4,not_assessed,0.985994679,NA
HPSI0614i-lipl_2,not_assessed,7.51E-05,NA
HPSI0614i-lipl_5,not_assessed,1.06E-05,NA
HPSI0614i-liqa_1,succeeded,0.980260733,0.555236729
HPSI0614i-liqa_6,not_assessed,0.965708428,NA
HPSI0614i-lirf_5,failed,0.132054668,0.060419236
HPSI0614i-lirf_6,not_assessed,0.100327224,NA
HPSI0614i-mesr_4,not_assessed,0.0005256,NA
HPSI0614i-miaj_4,failed,0.002789315,0.045362221
HPSI0614i-miaj_6,not_assessed,0.982313017,NA
HPSI0614i-oicx_2,succeeded,0.932262405,0.364285714
HPSI0614i-oicx_6,not_assessed,0.949588038,NA
HPSI0614i-paab_3,failed,0.081917953,0
HPSI0614i-paab_4,not_assessed,0.748642766,NA
HPSI0614i-puhk_2,failed,4.03E-05,0.043523859
HPSI0614i-puhk_5,not_assessed,0.557329395,NA
HPSI0614i-qunz_2,succeeded,0.985872536,0.461988304
HPSI0614i-qunz_3,not_assessed,0.992624545,NA
HPSI0614i-uevq_4,not_assessed,0.412423677,NA
HPSI0614i-uevq_6,failed,0.088164842,0.054662379
HPSI0614i-uilk_2,not_assessed,0.872932081,NA
HPSI0614i-voce_1,failed,0.055864126,0.134
HPSI0614i-voce_2,not_assessed,6.91E-05,NA
HPSI0614i-voxu_1,not_assessed,0.723864171,NA
HPSI0614i-voxu_2,not_assessed,0.115093743,NA
HPSI0614i-wihj_4,succeeded,0.989666097,0.723308271
HPSI0614i-xubw_1,not_assessed,0.967344901,NA
HPSI0614i-xubw_3,not_assessed,0.980823945,NA
HPSI0614i-zoio_1,not_assessed,0.992925839,NA
HPSI0614i-zoio_2,not_assessed,0.967759923,NA
HPSI0616i-aauq_1,not_assessed,0.966614809,NA
HPSI0616i-aauq_2,not_assessed,0.966981378,NA
HPSI0616i-baxr_5,not_assessed,0.999439845,NA
HPSI0616i-beyk_2,not_assessed,0.587080117,NA
HPSI0616i-beyk_6,not_assessed,0.568608638,NA
HPSI0616i-biln_1,not_assessed,6.15E-05,NA
HPSI0616i-biln_2,not_assessed,0.32050415,NA
HPSI0616i-bury_5,not_assessed,0.718816489,NA
HPSI0616i-bury_6,not_assessed,0.786351666,NA
HPSI0616i-duve_2,not_assessed,0.738521642,NA
HPSI0616i-duve_6,not_assessed,0.724299649,NA
HPSI0616i-eomr_5,not_assessed,0.981298964,NA
HPSI0616i-euia_7,not_assessed,0.002460145,NA
HPSI0616i-fayz_2,not_assessed,0.579295891,NA
HPSI0616i-fayz_5,not_assessed,0.985331313,NA
HPSI0616i-gayk_3,not_assessed,0.859389536,NA
HPSI0616i-gayk_5,not_assessed,0.617938505,NA
HPSI0616i-giql_1,not_assessed,0.921206105,NA
HPSI0616i-giql_5,not_assessed,0.949168214,NA
HPSI0616i-heba_11,not_assessed,0.37439822,NA
HPSI0616i-heba_9,not_assessed,0.428092408,NA
HPSI0616i-iuse_5,not_assessed,0.560070216,NA
HPSI0616i-iuse_6,not_assessed,0.892096332,NA
HPSI0616i-kalo_6,not_assessed,0.973451729,NA
HPSI0616i-kayf_5,not_assessed,0.670257636,NA
HPSI0616i-kayf_6,not_assessed,0.709945411,NA
HPSI0616i-kulz_3,not_assessed,0.907324943,NA
HPSI0616i-kulz_6,not_assessed,0.945781936,NA
HPSI0616i-mesv_4,not_assessed,0.321577462,NA
HPSI0616i-mesv_5,not_assessed,0.787691239,NA
HPSI0616i-mifg_2,not_assessed,0.752794056,NA
HPSI0616i-mifg_5,not_assessed,0.754296391,NA
HPSI0616i-newl_6,not_assessed,0.939597325,NA
HPSI0616i-oajt_3,not_assessed,0.978470133,NA
HPSI0616i-oajt_6,not_assessed,0.933367457,NA
HPSI0616i-rily_1,not_assessed,1.14E-05,NA
HPSI0616i-rily_3,not_assessed,0.424593494,NA
HPSI0616i-rurd_3,not_assessed,0.925467748,NA
HPSI0616i-uegn_1,not_assessed,4.49E-06,NA
HPSI0616i-uegn_3,not_assessed,0.754776208,NA
HPSI0616i-uofs_2,not_assessed,0.413420857,NA
HPSI0616i-uofs_5,not_assessed,0.979066677,NA
HPSI0616i-vaqr_4,not_assessed,0.01622364,NA
HPSI0616i-vaqx_2,not_assessed,0.970859252,NA
HPSI0616i-xuvy_6,not_assessed,0.69722235,NA
HPSI0713i-aehn_2,not_assessed,0.655047099,NA
HPSI0713i-aehn_22,succeeded,0.979504953,0.921104536
HPSI0713i-dard_1,not_assessed,0.993125656,NA
HPSI0713i-dard_2,not_assessed,0.103643827,NA
HPSI0713i-darw_1,not_assessed,0.635430948,NA
HPSI0713i-darw_2,not_assessed,0.004513677,NA
HPSI0713i-fett_3,not_assessed,0.177681568,NA
HPSI0713i-foop_1,not_assessed,0.934317984,NA
HPSI0713i-foop_2,not_assessed,0.996251072,NA
HPSI0713i-kaks_2,not_assessed,0.866328026,NA
HPSI0713i-kaks_3,not_assessed,0.895732552,NA
HPSI0713i-nemb_1,not_assessed,0.997233209,NA
HPSI0713i-nocf_2,not_assessed,0.845428048,NA
HPSI0713i-pusf_3,not_assessed,0.720102142,NA
HPSI0713i-qimz_1,not_assessed,0.64210728,NA
HPSI0713i-qimz_2,not_assessed,0.148817449,NA
HPSI0713i-ruyv_1,not_assessed,0.482545188,NA
HPSI0713i-ruyv_3,not_assessed,0.187671012,NA
HPSI0713i-terl_1,not_assessed,0.975625572,NA
HPSI0713i-terl_2,not_assessed,0.97238965,NA
HPSI0713i-uimo_1,not_assessed,0.980658032,NA
HPSI0713i-veku_2,not_assessed,0.717829058,NA
HPSI0713i-wiol_1,not_assessed,0.605711781,NA
HPSI0714i-burb_1,failed,0.069708995,0.107205048
HPSI0714i-burb_3,not_assessed,0.042696343,NA
HPSI0714i-fasu_2,not_assessed,0.027067609,NA
HPSI0714i-gibe_2,not_assessed,0.96752417,NA
HPSI0714i-iudw_1,succeeded,0.999166601,0.320661157
HPSI0714i-iudw_4,not_assessed,0.997531357,NA
HPSI0714i-keui_1,not_assessed,0.751872193,NA
HPSI0714i-keui_4,failed,1.21E-05,0.069641295
HPSI0714i-kute_4,not_assessed,0.001246014,NA
HPSI0714i-kute_5,succeeded,0.983269293,0.446299771
HPSI0714i-lutt_6,not_assessed,0.97947657,NA
HPSI0714i-meet_3,not_assessed,0.98722997,NA
HPSI0714i-mejk_1,not_assessed,0.988995999,NA
HPSI0714i-mitg_4,not_assessed,0.990862648,NA
HPSI0714i-nufh_3,not_assessed,0.860018668,NA
HPSI0714i-nufh_4,not_assessed,8.92E-06,NA
HPSI0714i-oatm_1,failed,0.098061235,0.085365854
HPSI0714i-oatm_2,not_assessed,0.002702392,NA
HPSI0714i-oebj_1,not_assessed,0.673054595,NA
HPSI0714i-oojs_1,not_assessed,0.836931127,NA
HPSI0714i-ouzk_4,not_assessed,0.78061321,NA
HPSI0714i-ouzk_5,not_assessed,0.844410382,NA
HPSI0714i-pipw_4,succeeded,0.974004121,0.669449082
HPSI0714i-pipw_5,not_assessed,0.919317348,NA
HPSI0714i-pirs_1,not_assessed,0.014815701,NA
HPSI0714i-riya_2,not_assessed,0.349713734,NA
HPSI0714i-tosj_3,not_assessed,0.098146923,NA
HPSI0714i-tosj_4,not_assessed,0.943268584,NA
HPSI0714i-xebt_2,not_assessed,0.889193133,NA
HPSI0714i-xiry_1,not_assessed,0.946484308,NA
HPSI0714i-xiry_5,not_assessed,0.025792345,NA
HPSI0714i-zaos_1,not_assessed,0.971061411,NA
HPSI0715i-aowh_2,succeeded,0.9820035,0.620823295
HPSI0715i-meue_4,not_assessed,0.973481986,NA
HPSI0715i-meue_5,succeeded,0.976327967,0.731886833
HPSI0715i-zaie_1,not_assessed,0.979327791,NA
HPSI0715i-zaie_5,succeeded,0.996063897,0.621375311
HPSI0716i-bakv_4,not_assessed,0.947650229,NA
HPSI0716i-bakv_6,not_assessed,0.945775273,NA
HPSI0716i-toba_1,not_assessed,0.987255824,NA
HPSI0716i-yibs_1,not_assessed,0.949251494,NA
HPSI0716i-yibs_3,not_assessed,0.485586326,NA
HPSI0716i-yipp_2,not_assessed,0.958658626,NA
HPSI0716i-yipp_6,not_assessed,0.86883479,NA
HPSI0813i-aizi_1,not_assessed,0.983460426,NA
HPSI0813i-aizi_3,succeeded,0.990812854,0.952380952
HPSI0813i-civh_3,not_assessed,0.424252962,NA
HPSI0813i-ffdc_1,succeeded,0.973238045,0.756756757
HPSI0813i-ffdc_11,not_assessed,0.995311697,NA
HPSI0813i-ffdj_1,not_assessed,0.763333072,NA
HPSI0813i-ffdk_3,not_assessed,0.922706537,NA
HPSI0813i-ffdm_3,not_assessed,0.962380428,NA
HPSI0813i-ffdr_3,not_assessed,0.83915947,NA
HPSI0813i-fpdj_3,not_assessed,0.809153209,NA
HPSI0813i-fpdk_2,not_assessed,0.998805407,NA
HPSI0813i-fpdl_2,not_assessed,0.363890247,NA
HPSI0813i-fpdm_2,not_assessed,0.683924729,NA
HPSI0813i-fpdr_2,not_assessed,0.894427422,NA
HPSI0813i-guss_1,failed,0.001873785,0.024828767
HPSI0813i-iicq_3,not_assessed,0.877064942,NA
HPSI0813i-iill_1,not_assessed,0.919527058,NA
HPSI0813i-iill_3,succeeded,0.947926387,0.547619048
HPSI0813i-meqo_2,not_assessed,0.99438708,NA
HPSI0813i-meqo_3,not_assessed,0.591172001,NA
HPSI0813i-mioj_1,succeeded,0.947760998,0.492318685
HPSI0813i-mioj_4,not_assessed,0.903280468,NA
HPSI0813i-peoj_1,succeeded,0.98354233,0.812244898
HPSI0813i-piun_3,not_assessed,0.915153672,NA
HPSI0813i-robp_3,not_assessed,0.965981147,NA
HPSI0813i-uaqe_1,succeeded,0.96515237,0.598574822
HPSI0813i-vajx_2,failed,0.068664195,0.031055901
HPSI0813i-voas_2,not_assessed,0.471756668,NA
HPSI0813i-wots_3,succeeded,0.987929679,0.695517774
HPSI0813i-zexw_3,succeeded,0.967674103,0.847510373
HPSI0814i-bokz_5,not_assessed,0.990009465,NA
HPSI0814i-bokz_6,succeeded,0.966656143,0.846774194
HPSI0814i-doao_1,succeeded,0.967573594,0.588235294
HPSI0814i-doao_2,not_assessed,0.96585749,NA
HPSI0814i-siqu_11,not_assessed,0.015524721,NA
HPSI0814i-siqu_4,succeeded,0.93519249,0.785553047
HPSI0816i-aorf_1,not_assessed,0.99327645,NA
HPSI0816i-aorf_2,not_assessed,0.925408706,NA
HPSI0816i-daah_1,not_assessed,0.957561281,NA
HPSI0816i-daah_6,not_assessed,0.607062997,NA
HPSI0816i-fuuy_3,not_assessed,0.993282274,NA
HPSI0816i-keha_2,not_assessed,0.901071655,NA
HPSI0816i-keha_5,not_assessed,0.98325839,NA
HPSI0816i-keit_1,not_assessed,0.900487852,NA
HPSI0816i-keit_2,not_assessed,0.962944657,NA
HPSI0816i-kije_1,not_assessed,2.34E-05,NA
HPSI0816i-kije_4,not_assessed,0.096138908,NA
HPSI0816i-neow_5,not_assessed,0.414100684,NA
HPSI0816i-neow_7,not_assessed,0.874143919,NA
HPSI0816i-oemk_6,not_assessed,0.999240739,NA
HPSI0816i-oexh_2,not_assessed,0.946947653,NA
HPSI0816i-oexh_5,not_assessed,0.980235237,NA
HPSI0816i-uixy_1,not_assessed,0.000316732,NA
HPSI0816i-uixy_2,not_assessed,0.004366214,NA
HPSI0816i-uosa_6,not_assessed,2.10E-05,NA
HPSI0816i-xoga_12,not_assessed,0.983029991,NA
HPSI0816i-youd_6,not_assessed,0.980562572,NA
HPSI0816i-youd_8,not_assessed,0.934831203,NA
HPSI0913i-bulb_1,not_assessed,0.983978518,NA
HPSI0913i-coyi_3,not_assessed,0.989876439,NA
HPSI0913i-diku_1,not_assessed,0.397129585,NA
HPSI0913i-eika_2,succeeded,0.9618808,0.538461538
HPSI0913i-ffdl_1,not_assessed,0.059653208,NA
HPSI0913i-ffdz_2,not_assessed,0.155092488,NA
HPSI0913i-gedo_3,not_assessed,0.281786478,NA
HPSI0913i-gedo_33,not_assessed,0.775541912,NA
HPSI0913i-gooj_1,not_assessed,0.933143865,NA
HPSI0913i-iuqb_1,succeeded,0.969809473,0.467912266
HPSI0913i-lise_1,failed,0.067385105,0.106382979
HPSI0913i-lise_3,not_assessed,6.89E-05,NA
HPSI0913i-lofv_3,not_assessed,0.165768125,NA
HPSI0913i-oapg_5,not_assessed,0.924167668,NA
HPSI0913i-rufg_3,not_assessed,0.952764397,NA
HPSI0913i-rufg_4,not_assessed,0.909496069,NA
HPSI0913i-ruql_3,succeeded,0.995361692,0.852257182
HPSI0914i-euts_3,succeeded,0.967144116,0.76433121
HPSI0914i-fuhz_1,not_assessed,0.98399828,NA
HPSI0914i-gine_2,not_assessed,0.539635269,NA
HPSI0914i-hidy_4,not_assessed,0.446890177,NA
HPSI0914i-iezw_2,failed,0.095891097,0.185086551
HPSI0914i-jejf_2,succeeded,0.978900834,0.84516129
HPSI0914i-jejf_3,not_assessed,0.98236216,NA
HPSI0914i-kajh_2,succeeded,0.954543447,0.724409449
HPSI0914i-kajh_3,not_assessed,0.752075169,NA
HPSI0914i-laey_4,not_assessed,0.999409262,NA
HPSI0914i-laey_6,succeeded,0.967777633,0.575371468
HPSI0914i-ouvb_2,succeeded,0.999539706,0.616700659
HPSI0914i-qehq_3,not_assessed,0.3709118,NA
HPSI0914i-qehq_7,not_assessed,0.664692492,NA
HPSI0914i-rejf_2,failed,0.028352662,0.036082474
HPSI0914i-suop_2,not_assessed,0.88353987,NA
HPSI0914i-suop_5,succeeded,0.975198989,0.855403349
HPSI0914i-tifo_1,not_assessed,0.880338426,NA
HPSI0914i-tifo_2,not_assessed,0.716940669,NA
HPSI0914i-vaka_5,succeeded,0.922662723,0.466886425
HPSI0914i-verf_1,not_assessed,0.988116847,NA
HPSI0914i-yuvg_2,succeeded,0.95646232,0.613956026
HPSI0914i-zerv_7,succeeded,0.966969647,0.492794778
HPSI0914i-zerv_8,not_assessed,0.794578151,NA
HPSI0916i-helh_1,not_assessed,0.997628816,NA
HPSI0916i-helh_6,not_assessed,0.90021952,NA
HPSI0916i-hikt_1,not_assessed,8.06E-06,NA
HPSI0916i-hikt_2,not_assessed,0.000284497,NA
HPSI0916i-jejm_4,not_assessed,0.526070712,NA
HPSI0916i-moyn_1,not_assessed,1.72E-05,NA
HPSI0916i-moyn_4,not_assessed,1.42E-05,NA
HPSI0916i-vajy_4,not_assessed,0.001082787,NA
HPSI0916i-vajy_5,not_assessed,0.726886628,NA
HPSI0916i-vorn_2,not_assessed,0.245026838,NA
HPSI0916i-vorn_5,not_assessed,0.683712116,NA
HPSI0916i-zaue_2,not_assessed,0.981102501,NA
HPSI0916i-zipi_1,not_assessed,4.43E-06,NA
HPSI0916i-zipi_5,not_assessed,0.594236365,NA
HPSI1013i-aetc_1,not_assessed,0.682624034,NA
HPSI1013i-funy_1,not_assessed,0.938964642,NA
HPSI1013i-garx_2,failed,0.115203203,0.173931808
HPSI1013i-hiaf_1,succeeded,0.964941336,0.466217356
HPSI1013i-hiaf_2,not_assessed,0.995688043,NA
HPSI1013i-jogf_2,failed,0.000522907,0.030952381
HPSI1013i-jufd_2,not_assessed,1.12E-05,NA
HPSI1013i-jufd_3,failed,0.063669456,0.114285714
HPSI1013i-kuxp_1,succeeded,0.985199961,0.925233645
HPSI1013i-mijn_2,not_assessed,0.965136148,NA
HPSI1013i-pamv_1,not_assessed,0.706519642,NA
HPSI1013i-pamv_3,not_assessed,0.995130695,NA
HPSI1013i-sebz_1,not_assessed,0.999780304,NA
HPSI1013i-sita_1,failed,2.13E-05,0.029717682
HPSI1013i-wopl_1,not_assessed,0.000362633,NA
HPSI1013i-wuye_2,not_assessed,0.894542361,NA
HPSI1013i-wuye_3,not_assessed,0.987077094,NA
HPSI1013i-yemz_1,not_assessed,0.635876908,NA
HPSI1013i-yemz_3,not_assessed,0.846887027,NA
HPSI1013i-zagm_1,succeeded,0.982827466,0.777777778
HPSI1014i-babz_3,succeeded,0.987136084,0.724628583
HPSI1014i-bilx_1,failed,0.038598756,0.038461538
HPSI1014i-bilx_2,not_assessed,0.089414242,NA
HPSI1014i-eesb_1,succeeded,0.970732597,0.540819943
HPSI1014i-juuy_2,not_assessed,0.019195144,NA
HPSI1014i-kefb_1,failed,0.073994119,0.055555556
HPSI1014i-nosn_1,succeeded,0.942065734,0.435950413
HPSI1014i-nosn_6,not_assessed,0.965541739,NA
HPSI1014i-qayj_3,not_assessed,0.965288354,NA
HPSI1014i-qayj_4,succeeded,0.987201435,0.826193059
HPSI1014i-quls_2,failed,6.50E-06,0.014737724
HPSI1014i-riun_1,not_assessed,0.017519443,NA
HPSI1014i-roug_3,succeeded,0.977656518,0.864575298
HPSI1014i-sehl_6,succeeded,0.996331829,0.86508853
HPSI1014i-tixi_4,succeeded,0.987610575,0.339779006
HPSI1014i-toss_3,not_assessed,0.919963543,NA
HPSI1014i-tuju_1,failed,0.057328858,0.016209476
HPSI1014i-tuju_4,not_assessed,0.328511637,NA
HPSI1014i-vils_1,succeeded,0.982040409,0.303932584
HPSI1014i-xejd_1,not_assessed,0.809678019,NA
HPSI1014i-xiyh_4,not_assessed,0.879320434,NA
HPSI1113i-bima_1,succeeded,0.981440074,0.36996337
HPSI1113i-bima_2,not_assessed,0.989767631,NA
HPSI1113i-dons_1,not_assessed,0.938688252,NA
HPSI1113i-eofe_1,not_assessed,0.001640271,NA
HPSI1113i-fumb_2,not_assessed,0.058484869,NA
HPSI1113i-hayt_1,not_assessed,0.521917705,NA
HPSI1113i-hayt_3,succeeded,0.895774048,0.251087386
HPSI1113i-ieki_2,not_assessed,0.997478107,NA
HPSI1113i-ieki_3,succeeded,0.973287967,0.558394161
HPSI1113i-nibo_2,not_assessed,0.041528137,NA
HPSI1113i-nibo_3,not_assessed,0.737475054,NA
HPSI1113i-oaaz_2,not_assessed,0.029386375,NA
HPSI1113i-oaaz_3,not_assessed,0.501695094,NA
HPSI1113i-podx_1,succeeded,0.949896442,0.585592988
HPSI1113i-podx_2,not_assessed,0.939354487,NA
HPSI1113i-qolg_1,succeeded,0.973276917,0.764223087
HPSI1113i-qolg_3,not_assessed,0.948059088,NA
HPSI1113i-qorq_1,succeeded,0.979784805,0.809993278
HPSI1113i-qorq_2,not_assessed,0.508792401,NA
HPSI1113i-uofv_1,failed,0.091407394,0
HPSI1113i-vuud_2,succeeded,0.980647226,0.505408914
HPSI1113i-wahn_1,not_assessed,0.94513272,NA
HPSI1113i-wahn_2,not_assessed,0.893557855,NA
HPSI1113i-waus_1,not_assessed,0.94653474,NA
HPSI1113i-wetu_2,not_assessed,0.935294955,NA
HPSI1113i-zuta_1,not_assessed,0.056798809,NA
HPSI1113i-zuta_3,not_assessed,0.61056722,NA
HPSI1114i-kuul_2,not_assessed,0.991883842,NA
HPSI1114i-qibk_2,not_assessed,0.057699514,NA
HPSI1114i-ualf_2,not_assessed,0.926676773,NA
HPSI1114i-ualf_6,succeeded,0.974026754,0.575
HPSI1114i-xiby_4,not_assessed,0.787925386,NA
HPSI1114i-xiby_5,not_assessed,0.775193228,NA
HPSI1114i-yair_2,not_assessed,0.957096177,NA
HPSI1114i-ziyn_6,not_assessed,0.976285648,NA
HPSI1114i-zuuy_4,succeeded,0.969873392,0.376068376
HPSI1114i-zuuy_5,not_assessed,0.831406925,NA
HPSI1116i-aimh_3,not_assessed,0.936140012,NA
HPSI1116i-aimh_5,not_assessed,0.545042372,NA
HPSI1116i-eiyy_1,not_assessed,0.006728624,NA
HPSI1116i-geve_3,not_assessed,3.81E-05,NA
HPSI1116i-geve_4,not_assessed,0.624311981,NA
HPSI1116i-mebq_1,not_assessed,0.938593547,NA
HPSI1116i-mebq_7,not_assessed,0.000129088,NA
HPSI1116i-naum_5,not_assessed,0.970459493,NA
HPSI1116i-peru_4,not_assessed,0.519308362,NA
HPSI1116i-rafd_1,not_assessed,0.827314188,NA
HPSI1116i-rafd_4,not_assessed,0.940421694,NA
HPSI1116i-sozw_2,not_assessed,6.31E-05,NA
HPSI1116i-uabf_6,not_assessed,5.42E-05,NA
HPSI1116i-uacs_3,not_assessed,0.885347366,NA
HPSI1116i-vozo_2,not_assessed,0.968031175,NA
HPSI1116i-vozo_3,not_assessed,0.964093233,NA
HPSI1116i-wakr_3,not_assessed,0.000562124,NA
HPSI1116i-wakr_6,not_assessed,0.991747407,NA
HPSI1116i-wiau_1,not_assessed,0.357877981,NA
HPSI1116i-wiau_4,not_assessed,0.000124882,NA
HPSI1116i-yiek_2,not_assessed,0.043103821,NA
HPSI1116i-yiek_6,not_assessed,0.867509767,NA
HPSI1116i-yuuh_2,not_assessed,0.916040726,NA
HPSI1116i-zalc_1,not_assessed,0.497807479,NA
HPSI1116i-zies_6,not_assessed,0.999288035,NA
HPSI1213i-babk_2,not_assessed,0.980534289,NA
HPSI1213i-foqj_2,not_assessed,0.001232127,NA
HPSI1213i-hehd_1,succeeded,0.984266448,0.780639404
HPSI1213i-hehd_2,not_assessed,0.604715203,NA
HPSI1213i-nekd_1,not_assessed,0.024911855,NA
HPSI1213i-pahc_4,not_assessed,0.337890365,NA
HPSI1213i-pahc_5,not_assessed,0.160334982,NA
HPSI1213i-tolg_4,succeeded,0.991276894,0.6
HPSI1213i-tolg_6,not_assessed,0.963725355,NA
HPSI1213i-xuja_2,not_assessed,0.115980836,NA